"segment","country","product","Discount Band","Units Sold","Manufacturing Price","Sale Price","Gross Sales","sales","profit","Date","Total Discount"
"Government","Germany","Carretera","None","1513.0","3","350","529550","529550.00","136170.00","1-Dec-14",
"Government","Germany","Paseo","None","1006.0","10","350","352100","352100.00","90540.00","1-Jun-14",
"Government","Canada","Paseo","None","1725.0","10","350","603750","603750.00","155250.00","1-Nov-13",
"Government","Germany","Paseo","None","1513.0","10","350","529550","529550.00","136170.00","1-Dec-14",
"Government","Germany","Velo","None","1006.0","120","350","352100","352100.00","90540.00","1-Jun-14",
"Government","France","VTT","None","1527.0","250","350","534450","534450.00","137430.00","1-Sep-13",
"Government","France","Amarilla","None","2750.0","260","350","962500","962500.00","247500.00","1-Feb-14",
"Government","Germany","Carretera","None","1513.0","3","350","529550","529550.00","136170.00","1-Dec-14",
"Government","Germany","Paseo","None","1006.0","10","350","352100","352100.00","90540.00","1-Jun-14",
"Government","Canada","Paseo","None","1725.0","10","350","603750","603750.00","155250.00","1-Nov-13",
"Government","Germany","Paseo","None","1513.0","10","350","529550","529550.00","136170.00","1-Dec-14",
"Government","Germany","Velo","None","1006.0","120","350","352100","352100.00","90540.00","1-Jun-14",
"Government","France","VTT","None","1527.0","250","350","534450","534450.00","137430.00","1-Sep-13",
"Government","France","Amarilla","None","2750.0","260","350","962500","962500.00","247500.00","1-Feb-14",
"Government","Mexico","Carretera","Low","1210.0","3","350","423500","419265.00","104665.00","1-Mar-14",
"Government","Mexico","Carretera","Low","1397.0","3","350","488950","484060.50","120840.50","1-Oct-14",
"Government","France","Carretera","Low","2155.0","3","350","754250","746707.50","186407.50","1-Dec-14",
"Government","France","Paseo","Low","2155.0","10","350","754250","746707.50","186407.50","1-Dec-14",
"Government","Canada","VTT","Low","943.5","250","350","330225","326922.75","81612.75","1-Apr-14",
"Government","Mexico","VTT","Low","1397.0","250","350","488950","484060.50","120840.50","1-Oct-14",
"Government","Canada","Carretera","Low","2852.0","3","350","998200","978236.00","236716.00","1-Dec-14",
"Government","Canada","Paseo","Low","2852.0","10","350","998200","978236.00","236716.00","1-Dec-14",
"Government","Germany","Velo","Low","2966.0","120","350","1038100","1017338.00","246178.00","1-Oct-13",
"Government","Germany","Velo","Low","2877.0","120","350","1006950","986811.00","238791.00","1-Oct-14",
"Government","Germany","VTT","Low","2877.0","250","350","1006950","986811.00","238791.00","1-Oct-14",
"Government","United States of America","VTT","Low","266.0","250","350","93100","91238.00","22078.00","1-Dec-13",
"Government","Mexico","VTT","Low","1940.0","250","350","679000","665420.00","161020.00","1-Dec-13",
"Government","Germany","Amarilla","Low","2966.0","260","350","1038100","1017338.00","246178.00","1-Oct-13",
"Government","Germany","Montana","Low","1797.0","5","350","628950","610081.50","142861.50","1-Sep-13",
"Government","Mexico","VTT","Low","1642.0","250","350","574700","557459.00","130539.00","1-Aug-14",
"Government","United States of America","Carretera","Low","274.0","3","350","95900","92064.00","20824.00","1-Dec-14",
"Government","United States of America","Paseo","Low","3450.0","10","350","1207500","1159200.00","262200.00","1-Jul-14",
"Government","United States of America","Paseo","Low","274.0","10","350","95900","92064.00","20824.00","1-Dec-14",
"Government","France","Velo","Low","2177.0","120","350","761950","731472.00","165452.00","1-Oct-14",
"Government","United States of America","VTT","Low","349.0","250","350","122150","117264.00","26524.00","1-Sep-13",
"Government","France","VTT","Low","2177.0","250","350","761950","731472.00","165452.00","1-Oct-14",
"Government","Mexico","Amarilla","Low","1865.0","260","350","652750","626640.00","141740.00","1-Feb-14",
"Government","Germany","Amarilla","Low","1907.0","260","350","667450","640752.00","144932.00","1-Sep-14",
"Government","Canada","Amarilla","Low","1778.0","260","350","622300","597408.00","135128.00","1-Dec-13",
"Government","France","Montana","Medium","1384.5","5","350","484575","460346.25","100376.25","1-Jan-14",
"Government","Mexico","Montana","Medium","720.0","5","350","252000","239400.00","52200.00","1-Sep-13",
"Government","United States of America","Paseo","Medium","602.0","10","350","210700","200165.00","43645.00","1-Jun-14",
"Government","Canada","Paseo","Medium","1228.0","10","350","429800","408310.00","89030.00","1-Oct-13",
"Government","United States of America","Velo","Medium","602.0","120","350","210700","200165.00","43645.00","1-Jun-14",
"Government","Germany","Amarilla","Medium","1350.0","260","350","472500","448875.00","97875.00","1-Feb-14",
"Government","Canada","Amarilla","Medium","552.0","260","350","193200","183540.00","40020.00","1-Aug-14",
"Government","Canada","Amarilla","Medium","1228.0","260","350","429800","408310.00","89030.00","1-Oct-13",
"Government","Mexico","Montana","Medium","980.0","5","350","343000","322420.00","67620.00","1-Apr-14",
"Government","Germany","Montana","Medium","1460.0","5","350","511000","480340.00","100740.00","1-May-14",
"Government","France","Paseo","Medium","1496.0","10","350","523600","492184.00","103224.00","1-Jun-14",
"Government","United States of America","Paseo","Medium","727.0","10","350","254450","239183.00","50163.00","1-Oct-13",
"Government","France","Velo","Medium","1496.0","120","350","523600","492184.00","103224.00","1-Jun-14",
"Government","France","Velo","Medium","2076.0","120","350","726600","683004.00","143244.00","1-Oct-13",
"Government","Mexico","Amarilla","Medium","1679.0","260","350","587650","552391.00","115851.00","1-Sep-14",
"Government","United States of America","Amarilla","Medium","727.0","260","350","254450","239183.00","50163.00","1-Oct-13",
"Government","France","Amarilla","Medium","2076.0","260","350","726600","683004.00","143244.00","1-Oct-13",
"Government","United States of America","Carretera","Medium","1761.0","3","350","616350","573205.50","115345.50","1-Mar-14",
"Government","France","Amarilla","Medium","2876.0","260","350","1006600","936138.00","188378.00","1-Sep-14",
"Government","Mexico","Carretera","Medium","1362.0","3","350","476700","438564.00","84444.00","1-Dec-14",
"Government","Germany","Paseo","Medium","2146.0","10","350","751100","691012.00","133052.00","1-Nov-13",
"Government","Mexico","Paseo","Medium","1362.0","10","350","476700","438564.00","84444.00","1-Dec-14",
"Government","France","VTT","Medium","574.5","250","350","201075","184989.00","35619.00","1-Apr-14",
"Government","France","VTT","Medium","381.0","250","350","133350","122682.00","23622.00","1-Aug-14",
"Government","Germany","VTT","Medium","422.0","250","350","147700","135884.00","26164.00","1-Aug-14",
"Government","France","Montana","Medium","1666.0","5","350","583100","530621.00","97461.00","1-May-14",
"Government","Mexico","Paseo","Medium","2417.0","10","350","845950","769814.50","141394.50","1-Jan-14",
"Government","Germany","Velo","Medium","1307.0","120","350","457450","416279.50","76459.50","1-Jul-14",
"Government","Canada","Velo","Medium","1269.0","120","350","444150","404176.50","74236.50","1-Oct-14",
"Government","United States of America","VTT","Medium","1351.5","250","350","473025","430452.75","79062.75","1-Apr-14",
"Government","United States of America","Amarilla","Medium","2071.0","260","350","724850","659613.50","121153.50","1-Sep-14",
"Government","Canada","Amarilla","Medium","1269.0","260","350","444150","404176.50","74236.50","1-Oct-14",
"Government","United States of America","Montana","High","2313.0","5","350","809550","728595.00","127215.00","1-May-14",
"Government","France","Velo","High","639.0","120","350","223650","201285.00","35145.00","1-Jul-14",
"Government","United States of America","VTT","High","2807.0","250","350","982450","884205.00","154385.00","1-Aug-14",
"Government","Germany","VTT","High","1870.0","250","350","654500","589050.00","102850.00","1-Dec-13",
"Government","Canada","Amarilla","High","2240.0","260","350","784000","705600.00","123200.00","1-Feb-14",
"Government","Canada","Amarilla","High","707.0","260","350","247450","222705.00","38885.00","1-Sep-14",
"Government","Germany","Carretera","High","792.0","3","350","277200","246708.00","40788.00","1-Mar-14",
"Government","Germany","Montana","High","766.0","5","350","268100","238609.00","39449.00","1-Jan-14",
"Government","Canada","Paseo","High","2104.5","10","350","736575","655551.75","108381.75","1-Jul-14",
"Government","Mexico","Velo","High","344.0","120","350","120400","107156.00","17716.00","1-Oct-13",
"Government","Mexico","Amarilla","High","344.0","260","350","120400","107156.00","17716.00","1-Oct-13",
"Government","Mexico","Carretera","High","886.0","3","350","310100","272888.00","42528.00","1-Jun-14",
"Government","Mexico","Paseo","High","886.0","10","350","310100","272888.00","42528.00","1-Jun-14",
"Government","France","Paseo","High","1594.0","10","350","557900","490952.00","76512.00","1-Nov-14",
"Government","Mexico","Paseo","High","1197.0","10","350","418950","368676.00","57456.00","1-Nov-14",
"Government","Mexico","Velo","High","1395.0","120","350","488250","429660.00","66960.00","1-Jul-14",
"Government","United States of America","Velo","High","986.0","120","350","345100","303688.00","47328.00","1-Oct-14",
"Government","Canada","VTT","High","623.0","250","350","218050","191884.00","29904.00","1-Sep-13",
"Government","United States of America","VTT","High","986.0","250","350","345100","303688.00","47328.00","1-Oct-14",
"Government","United States of America","Amarilla","High","270.0","260","350","94500","83160.00","12960.00","1-Feb-14",
"Government","Canada","Carretera","High","923.0","3","350","323050","281053.50","41073.50","1-Mar-14",
"Government","France","Carretera","High","1790.0","3","350","626500","545055.00","79655.00","1-Mar-14",
"Government","United States of America","Montana","High","982.5","5","350","343875","299171.25","43721.25","1-Jan-14",
"Government","Canada","Paseo","High","2632.0","10","350","921200","801444.00","117124.00","1-Jun-14",
"Government","Germany","Paseo","High","357.0","10","350","124950","108706.50","15886.50","1-Nov-14",
"Government","Canada","Velo","High","2632.0","120","350","921200","801444.00","117124.00","1-Jun-14",
"Government","Canada","Montana","High","2227.5","5","350","779625","670477.50","91327.50","1-Jan-14",
"Government","Germany","Montana","High","1199.0","5","350","419650","360899.00","49159.00","1-Apr-14",
"Government","Canada","Montana","High","200.0","5","350","70000","60200.00","8200.00","1-May-14",
"Government","Canada","Paseo","High","700.0","10","350","245000","210700.00","28700.00","1-Nov-14",
"Government","United States of America","Paseo","High","1177.0","10","350","411950","354277.00","48257.00","1-Nov-14",
"Government","France","Paseo","High","1922.0","10","350","672700","578522.00","78802.00","1-Nov-13",
"Government","France","VTT","High","1281.0","250","350","448350","385581.00","52521.00","1-Dec-13",
"Government","Mexico","Paseo","High","2851.0","10","350","997850","848172.50","106912.50","1-May-14",
"Government","United States of America","Paseo","High","2007.0","10","350","702450","597082.50","75262.50","1-Nov-13",
"Government","Mexico","Paseo","High","2151.0","10","350","752850","639922.50","80662.50","1-Nov-13",
"Government","Canada","Carretera","None","1618.5","3","20","32370","32370.00","16185.00","1-Jan-14",
"Government","Germany","Carretera","None","1321.0","3","20","26420","26420.00","13210.00","1-Jan-14",
"Government","France","Montana","None","1899.0","5","20","37980","37980.00","18990.00","1-Jun-14",
"Government","Canada","Paseo","None","292.0","10","20","5840","5840.00","2920.00","1-Feb-14",
"Government","Canada","Paseo","None","1817.0","10","20","36340","36340.00","18170.00","1-Dec-14",
"Government","Canada","VTT","None","1817.0","250","20","36340","36340.00","18170.00","1-Dec-14",
"Government","France","Amarilla","None","1899.0","260","20","37980","37980.00","18990.00","1-Jun-14",
"Government","France","Montana","Low","1375.5","5","20","27510","27234.90","13479.90","1-Jul-14",
"Government","France","Velo","Low","3864.0","120","20","77280","76507.20","37867.20","1-Apr-14",
"Government","United States of America","Montana","Low","1566.0","5","20","31320","30693.60","15033.60","1-Oct-14",
"Government","United States of America","Velo","Low","1566.0","120","20","31320","30693.60","15033.60","1-Oct-14",
"Government","Mexico","Velo","Low","544.0","120","20","10880","10662.40","5222.40","1-Dec-13",
"Government","United States of America","Amarilla","Low","1236.0","260","20","24720","24225.60","11865.60","1-Nov-14",
"Government","France","Amarilla","Low","941.0","260","20","18820","18443.60","9033.60","1-Nov-14",
"Government","Germany","Carretera","Low","2580.0","3","20","51600","50052.00","24252.00","1-Apr-14",
"Government","Canada","Carretera","Low","831.0","3","20","16620","16121.40","7811.40","1-May-14",
"Government","Canada","Velo","Low","3850.5","120","20","77010","74699.70","36194.70","1-Apr-14",
"Government","United States of America","Velo","Low","736.0","120","20","14720","14131.20","6771.20","1-Sep-13",
"Government","Canada","Paseo","Low","2074.0","10","20","41480","39820.80","19080.80","1-Sep-14",
"Government","United States of America","Paseo","Low","1056.0","10","20","21120","20275.20","9715.20","1-Sep-14",
"Government","Canada","Velo","Low","2646.0","120","20","52920","50803.20","24343.20","1-Sep-13",
"Government","France","Carretera","Medium","1563.0","3","20","31260","29697.00","14067.00","1-May-14",
"Government","France","Paseo","Medium","1303.0","10","20","26060","24757.00","11727.00","1-Feb-14",
"Government","Canada","Paseo","Medium","1389.0","10","20","27780","26391.00","12501.00","1-Oct-13",
"Government","Canada","Paseo","Medium","1802.0","10","20","36040","34238.00","16218.00","1-Dec-13",
"Government","United States of America","Paseo","Medium","2663.0","10","20","53260","50597.00","23967.00","1-Dec-14",
"Government","United States of America","Velo","Medium","2832.0","120","20","56640","53808.00","25488.00","1-Aug-14",
"Government","France","Velo","Medium","1579.0","120","20","31580","30001.00","14211.00","1-Aug-14",
"Government","France","Velo","Medium","1033.0","120","20","20660","19627.00","9297.00","1-Dec-13",
"Government","Canada","VTT","Medium","1389.0","250","20","27780","26391.00","12501.00","1-Oct-13",
"Government","United States of America","VTT","Medium","1265.0","250","20","25300","24035.00","11385.00","1-Nov-13",
"Government","Germany","VTT","Medium","2297.0","250","20","45940","43643.00","20673.00","1-Nov-13",
"Government","United States of America","VTT","Medium","2663.0","250","20","53260","50597.00","23967.00","1-Dec-14",
"Government","United States of America","Carretera","Medium","1117.5","3","20","22350","21009.00","9834.00","1-Jan-14",
"Government","Mexico","VTT","Medium","1123.0","250","20","22460","21112.40","9882.40","1-Nov-13",
"Government","France","Montana","Medium","1757.0","5","20","35140","33031.60","15461.60","1-Oct-13",
"Government","France","Paseo","Medium","1757.0","10","20","35140","33031.60","15461.60","1-Oct-13",
"Government","Germany","Velo","Medium","1001.0","120","20","20020","18818.80","8808.80","1-Aug-14",
"Government","Mexico","Carretera","Medium","1834.0","3","20","36680","34112.40","15772.40","1-Sep-13",
"Government","France","Montana","Medium","1976.0","5","20","39520","36753.60","16993.60","1-Oct-14",
"Government","France","Paseo","Medium","1535.0","10","20","30700","28551.00","13201.00","1-Sep-14",
"Government","Mexico","Velo","Medium","609.0","120","20","12180","11327.40","5237.40","1-Aug-14",
"Government","France","Velo","Medium","1976.0","120","20","39520","36753.60","16993.60","1-Oct-14",
"Government","United States of America","Velo","Medium","1421.0","120","20","28420","26430.60","12220.60","1-Dec-13",
"Government","Germany","Velo","Medium","588.0","120","20","11760","10936.80","5056.80","1-Dec-13",
"Government","Canada","Amarilla","Medium","1118.0","260","20","22360","20794.80","9614.80","1-Nov-14",
"Government","United States of America","Montana","Medium","1282.0","5","20","25640","23588.80","10768.80","1-Jun-14",
"Government","United States of America","Amarilla","Medium","1282.0","260","20","25640","23588.80","10768.80","1-Jun-14",
"Government","Canada","Montana","Medium","708.0","5","20","14160","13027.20","5947.20","1-Jun-14",
"Government","Germany","Montana","Medium","645.0","5","20","12900","11868.00","5418.00","1-Jul-14",
"Government","Germany","Paseo","Medium","1366.0","10","20","27320","25134.40","11474.40","1-Jun-14",
"Government","Germany","Paseo","Medium","1934.0","10","20","38680","35585.60","16245.60","1-Sep-14",
"Government","Mexico","Paseo","Medium","2993.0","10","20","59860","55071.20","25141.20","1-Sep-14",
"Government","Canada","Amarilla","Medium","708.0","260","20","14160","13027.20","5947.20","1-Jun-14",
"Government","Germany","Amarilla","Medium","1366.0","260","20","27320","25134.40","11474.40","1-Jun-14",
"Government","Germany","Amarilla","Medium","1520.0","260","20","30400","27968.00","12768.00","1-Nov-14",
"Government","United States of America","VTT","Medium","436.5","250","20","8730","8031.60","3666.60","1-Jul-14",
"Government","Mexico","Amarilla","Medium","1694.0","260","20","33880","30830.80","13890.80","1-Nov-14",
"Government","Germany","Carretera","Medium","663.0","3","20","13260","12066.60","5436.60","1-May-14",
"Government","United States of America","Paseo","Medium","973.0","10","20","19460","17708.60","7978.60","1-Mar-14",
"Government","Mexico","Paseo","Medium","1038.0","10","20","20760","18891.60","8511.60","1-Jun-14",
"Government","France","VTT","Medium","2682.0","250","20","53640","48812.40","21992.40","1-Nov-13",
"Government","Mexico","Amarilla","Medium","1038.0","260","20","20760","18891.60","8511.60","1-Jun-14",
"Government","France","Paseo","High","1954.0","10","20","39080","35172.00","15632.00","1-Mar-14",
"Government","Germany","Paseo","High","241.0","10","20","4820","4338.00","1928.00","1-Oct-14",
"Government","Germany","Velo","High","241.0","120","20","4820","4338.00","1928.00","1-Oct-14",
"Government","Mexico","Amarilla","High","2039.0","260","20","40780","36702.00","16312.00","1-May-14",
"Government","Germany","Montana","High","2992.0","5","20","59840","53257.60","23337.60","1-Oct-13",
"Government","Mexico","Paseo","High","1122.0","10","20","22440","19971.60","8751.60","1-Mar-14",
"Government","Canada","Paseo","High","2394.0","10","20","47880","42613.20","18673.20","1-Aug-14",
"Government","Germany","Paseo","High","2992.0","10","20","59840","53257.60","23337.60","1-Oct-13",
"Government","France","Velo","High","2805.0","120","20","56100","49929.00","21879.00","1-Sep-13",
"Government","Canada","VTT","High","2935.0","250","20","58700","52243.00","22893.00","1-Nov-13",
"Government","Mexico","Amarilla","High","2629.0","260","20","52580","46796.20","20506.20","1-Jan-14",
"Government","Mexico","Montana","High","1715.0","5","20","34300","30184.00","13034.00","1-Oct-13",
"Government","Mexico","Paseo","High","905.0","10","20","18100","15928.00","6878.00","1-Oct-14",
"Government","Mexico","Paseo","High","1715.0","10","20","34300","30184.00","13034.00","1-Oct-13",
"Government","Mexico","Paseo","High","1233.0","10","20","24660","21700.80","9370.80","1-Dec-14",
"Government","Mexico","Velo","High","905.0","120","20","18100","15928.00","6878.00","1-Oct-14",
"Government","Mexico","VTT","High","1233.0","250","20","24660","21700.80","9370.80","1-Dec-14",
"Government","France","Carretera","High","2521.5","3","20","50430","44378.40","19163.40","1-Jan-14",
"Government","Germany","Paseo","High","1531.0","10","20","30620","26945.60","11635.60","1-Dec-14",
"Government","Germany","VTT","High","1531.0","250","20","30620","26945.60","11635.60","1-Dec-14",
"Government","Germany","Carretera","High","442.0","3","20","8840","7690.80","3270.80","1-Sep-13",
"Government","Mexico","Montana","High","2255.0","5","20","45100","39237.00","16687.00","1-Jul-14",
"Government","Canada","Montana","High","1249.0","5","20","24980","21732.60","9242.60","1-Oct-14",
"Government","United States of America","Paseo","High","2641.0","10","20","52820","45953.40","19543.40","1-Feb-14",
"Government","Germany","Paseo","High","2708.0","10","20","54160","47119.20","20039.20","1-Feb-14",
"Government","Canada","Paseo","High","1249.0","10","20","24980","21732.60","9242.60","1-Oct-14",
"Government","Mexico","Carretera","High","2579.0","3","20","51580","44358.80","18568.80","1-Apr-14",
"Government","United States of America","Carretera","High","1743.0","3","20","34860","29979.60","12549.60","1-May-14",
"Government","Canada","Paseo","High","2428.0","10","20","48560","41761.60","17481.60","1-Mar-14",
"Government","Mexico","Paseo","High","260.0","10","20","5200","4472.00","1872.00","1-Feb-14",
"Government","United States of America","Velo","High","606.0","120","20","12120","10423.20","4363.20","1-Apr-14",
"Government","Germany","Paseo","High","1158.0","10","20","23160","19686.00","8106.00","1-Mar-14",
"Government","United States of America","Paseo","High","267.0","10","20","5340","4539.00","1869.00","1-Oct-13",
"Government","France","Paseo","High","293.0","10","20","5860","4981.00","2051.00","1-Dec-14",
"Government","Canada","VTT","High","865.5","250","20","17310","14713.50","6058.50","1-Jul-14",
"Government","United States of America","VTT","High","267.0","250","20","5340","4539.00","1869.00","1-Oct-13",
"Government","France","VTT","High","293.0","250","20","5860","4981.00","2051.00","1-Dec-14",
"Government","Germany","Montana","None","2146.0","5","7","15022","15022.00","4292.00","1-Sep-14",
"Government","Mexico","Paseo","None","883.0","10","7","6181","6181.00","1766.00","1-Aug-14",
"Government","United States of America","Paseo","None","1143.0","10","7","8001","8001.00","2286.00","1-Oct-14",
"Government","Mexico","Velo","None","1493.0","120","7","10451","10451.00","2986.00","1-Jan-14",
"Government","Germany","Amarilla","None","1686.0","260","7","11802","11802.00","3372.00","1-Jul-14",
"Government","United States of America","Amarilla","None","1143.0","260","7","8001","8001.00","2286.00","1-Oct-14",
"Government","France","Paseo","Low","3945.0","10","7","27615","27338.85","7613.85","1-Jan-14",
"Government","France","Paseo","Low","1030.0","10","7","7210","7137.90","1987.90","1-May-14",
"Government","France","Velo","Low","639.0","120","7","4473","4428.27","1233.27","1-Nov-14",
"Government","Canada","VTT","Low","1326.0","250","7","9282","9189.18","2559.18","1-Mar-14",
"Government","United States of America","Carretera","Low","2529.0","3","7","17703","17525.97","4880.97","1-Jul-14",
"Government","Canada","Montana","Low","1830.0","5","7","12810","12681.90","3531.90","1-Aug-14",
"Government","United States of America","Paseo","Low","4492.5","10","7","31447","31133.02","8670.52","1-Apr-14",
"Government","Mexico","Velo","Low","362.0","120","7","2534","2508.66","698.66","1-May-14",
"Government","Canada","Velo","Low","2092.0","120","7","14644","14497.56","4037.56","1-Nov-13",
"Government","Germany","VTT","Low","263.0","250","7","1841","1822.59","507.59","1-Mar-14",
"Government","France","Carretera","Low","2145.0","3","7","15015","14714.70","3989.70","1-Nov-13",
"Government","United States of America","Paseo","Low","2013.0","10","7","14091","13809.18","3744.18","1-Dec-13",
"Government","Germany","Montana","Low","1958.0","5","7","13706","13294.82","3504.82","1-Feb-14",
"Government","France","Montana","Low","544.0","5","7","3808","3693.76","973.76","1-Sep-14",
"Government","Mexico","Paseo","Low","1760.0","10","7","12320","11950.40","3150.40","1-Sep-13",
"Government","Canada","Carretera","Low","2851.0","3","7","19957","19158.72","4903.72","1-Oct-13",
"Government","Canada","Montana","Low","2851.0","5","7","19957","19158.72","4903.72","1-Oct-13",
"Government","Canada","Paseo","Low","4251.0","10","7","29757","28566.72","7311.72","1-Jan-14",
"Government","Germany","Montana","Medium","1159.0","5","7","8113","7707.35","1912.35","1-Oct-13",
"Government","Germany","Paseo","Medium","1372.0","10","7","9604","9123.80","2263.80","1-Jan-14",
"Government","Canada","Paseo","Medium","2349.0","10","7","16443","15620.85","3875.85","1-Sep-13",
"Government","Mexico","Paseo","Medium","2689.0","10","7","18823","17881.85","4436.85","1-Oct-14",
"Government","Mexico","VTT","Medium","2689.0","250","7","18823","17881.85","4436.85","1-Oct-14",
"Government","Mexico","Amarilla","Medium","1683.0","260","7","11781","11191.95","2776.95","1-Jul-14",
"Government","Germany","Amarilla","Medium","1159.0","260","7","8113","7707.35","1912.35","1-Oct-13",
"Government","Germany","Carretera","Medium","1016.0","3","7","7112","6756.40","1676.40","1-Nov-13",
"Government","United States of America","Carretera","Medium","570.0","3","7","3990","3790.50","940.50","1-Dec-14",
"Government","France","Carretera","Medium","2487.0","3","7","17409","16538.55","4103.55","1-Dec-14",
"Government","United States of America","Paseo","Medium","2327.0","10","7","16289","15474.55","3839.55","1-May-14",
"Government","France","Paseo","Medium","2136.0","10","7","14952","14204.40","3524.40","1-Dec-13",
"Government","United States of America","VTT","Medium","570.0","250","7","3990","3790.50","940.50","1-Dec-14",
"Government","France","VTT","Medium","2487.0","250","7","17409","16538.55","4103.55","1-Dec-14",
"Government","United States of America","Carretera","Medium","263.0","3","7","1841","1730.54","415.54","1-Nov-13",
"Government","France","Montana","Medium","1403.0","5","7","9821","9231.74","2216.74","1-Oct-13",
"Government","Mexico","Velo","Medium","1498.0","120","7","10486","9856.84","2366.84","1-Jun-14",
"Government","Mexico","VTT","Medium","1498.0","250","7","10486","9856.84","2366.84","1-Jun-14",
"Government","France","Amarilla","Medium","1403.0","260","7","9821","9231.74","2216.74","1-Oct-13",
"Government","Mexico","Velo","Medium","1333.0","120","7","9331","8771.14","2106.14","1-Nov-14",
"Government","France","Paseo","Medium","1031.0","10","7","7217","6711.81","1556.81","1-Sep-13",
"Government","Canada","Velo","Medium","1135.0","120","7","7945","7388.85","1713.85","1-Jun-14",
"Government","United States of America","Velo","Medium","547.0","120","7","3829","3560.97","825.97","1-Nov-14",
"Government","Canada","Velo","Medium","1582.0","120","7","11074","10298.82","2388.82","1-Dec-14",
"Government","Canada","VTT","Medium","1582.0","250","7","11074","10298.82","2388.82","1-Dec-14",
"Government","Canada","Amarilla","Medium","1135.0","260","7","7945","7388.85","1713.85","1-Jun-14",
"Government","Germany","Paseo","Medium","2125.0","10","7","14875","13833.75","3208.75","1-Dec-13",
"Government","Canada","Montana","Medium","488.0","5","7","3416","3142.72","702.72","1-Feb-14",
"Government","Canada","Paseo","Medium","257.0","10","7","1799","1655.08","370.08","1-May-14",
"Government","Germany","Paseo","Medium","1259.0","10","7","8813","8107.96","1812.96","1-Apr-14",
"Government","Germany","Paseo","Medium","1095.0","10","7","7665","7051.80","1576.80","1-May-14",
"Government","United States of America","Paseo","Medium","678.0","10","7","4746","4366.32","976.32","1-Aug-14",
"Government","Germany","Paseo","Medium","1598.0","10","7","11186","10291.12","2301.12","1-Aug-14",
"Government","Germany","Paseo","Medium","2409.0","10","7","16863","15513.96","3468.96","1-Sep-13",
"Government","Mexico","Paseo","Medium","1946.0","10","7","13622","12532.24","2802.24","1-Dec-13",
"Government","United States of America","Velo","Medium","2907.0","120","7","20349","18721.08","4186.08","1-Jun-14",
"Government","Germany","Velo","Medium","2338.0","120","7","16366","15056.72","3366.72","1-Jun-14",
"Government","Germany","VTT","Medium","2338.0","250","7","16366","15056.72","3366.72","1-Jun-14",
"Government","United States of America","Amarilla","Medium","2907.0","260","7","20349","18721.08","4186.08","1-Jun-14",
"Government","Canada","Montana","Medium","1611.0","5","7","11277","10262.07","2207.07","1-Dec-13",
"Government","Canada","Carretera","Medium","819.0","3","7","5733","5217.03","1122.03","1-Jul-14",
"Government","Mexico","Carretera","Medium","521.0","3","7","3647","3318.77","713.77","1-Dec-14",
"Government","Germany","Paseo","Medium","360.0","10","7","2520","2293.20","493.20","1-Oct-14",
"Government","Germany","VTT","Medium","360.0","250","7","2520","2293.20","493.20","1-Oct-14",
"Government","Mexico","VTT","Medium","521.0","250","7","3647","3318.77","713.77","1-Dec-14",
"Government","United States of America","Montana","High","2328.0","5","7","16296","14666.40","3026.40","1-Sep-14",
"Government","Germany","Velo","High","2665.0","120","7","18655","16789.50","3464.50","1-Nov-14",
"Government","France","Paseo","High","2532.0","10","7","17724","15774.36","3114.36","1-Apr-14",
"Government","United States of America","VTT","High","1579.0","250","7","11053","9837.17","1942.17","1-Mar-14",
"Government","Mexico","Carretera","High","2706.0","3","7","18942","16858.38","3328.38","1-Nov-13",
"Government","Canada","Velo","High","1808.0","120","7","12656","11263.84","2223.84","1-Nov-14",
"Government","United States of America","Paseo","High","380.0","10","7","2660","2367.40","467.40","1-Sep-13",
"Government","Mexico","Montana","High","2420.0","5","7","16940","14907.20","2807.20","1-Sep-14",
"Government","Canada","Montana","High","2734.0","5","7","19138","16841.44","3171.44","1-Oct-14",
"Government","France","Amarilla","High","3421.5","260","7","23950","21076.44","3968.94","1-Jul-14",
"Government","Canada","Amarilla","High","2734.0","260","7","19138","16841.44","3171.44","1-Oct-14",
"Government","France","VTT","High","1491.0","250","7","10437","9184.56","1729.56","1-Mar-14",
"Government","United States of America","Montana","High","1298.0","5","7","9086","7904.82","1414.82","1-Feb-14",
"Government","United States of America","Paseo","High","1438.5","10","7","10069","8760.46","1567.96","1-Jan-14",
"Government","France","Paseo","High","2696.0","10","7","18872","16418.64","2938.64","1-Aug-14",
"Government","France","Velo","High","1190.0","120","7","8330","7247.10","1297.10","1-Jun-14",
"Government","France","Amarilla","High","1190.0","260","7","8330","7247.10","1297.10","1-Jun-14",
"Government","United States of America","Carretera","High","2996.0","3","7","20972","18035.92","3055.92","1-Oct-13",
"Government","Germany","Carretera","High","280.0","3","7","1960","1685.60","285.60","1-Dec-14",
"Government","France","Montana","High","293.0","5","7","2051","1763.86","298.86","1-Feb-14",
"Government","United States of America","Montana","High","2996.0","5","7","20972","18035.92","3055.92","1-Oct-13",
"Government","Germany","VTT","High","280.0","250","7","1960","1685.60","285.60","1-Dec-14",
"Government","Canada","Montana","High","388.0","5","7","2716","2335.76","395.76","1-Sep-14",
"Government","Mexico","Montana","High","1727.0","5","7","12089","10396.54","1761.54","1-Oct-13",
"Government","France","Paseo","High","1731.0","10","7","12117","10420.62","1765.62","1-Oct-14",
"Government","Mexico","VTT","High","2903.0","250","7","20321","17476.06","2961.06","1-Mar-14",
"Government","France","Amarilla","High","1731.0","260","7","12117","10420.62","1765.62","1-Oct-14",
"Government","Mexico","Amarilla","High","1727.0","260","7","12089","10396.54","1761.54","1-Oct-13",
"Government","Mexico","Paseo","High","2535.0","10","7","17745","15083.25","2408.25","1-Apr-14",
"Government","Mexico","Montana","High","1368.0","5","7","9576","8139.60","1299.60","1-Feb-14",
"Government","Canada","Paseo","High","723.0","10","7","5061","4301.85","686.85","1-Apr-14",
"Midmarket","France","Carretera","None","2178.0","3","15","32670","32670.00","10890.00","1-Jun-14",
"Midmarket","Germany","Carretera","None","888.0","3","15","13320","13320.00","4440.00","1-Jun-14",
"Midmarket","Mexico","Carretera","None","2470.0","3","15","37050","37050.00","12350.00","1-Jun-14",
"Midmarket","Germany","Montana","None","921.0","5","15","13815","13815.00","4605.00","1-Mar-14",
"Channel Partners","Canada","Montana","None","2518.0","5","12","30216","30216.00","22662.00","1-Jun-14",
"Channel Partners","Germany","Montana","None","1545.0","5","12","18540","18540.00","13905.00","1-Jun-14",
"Midmarket","Mexico","Montana","None","2470.0","5","15","37050","37050.00","12350.00","1-Jun-14",
"Enterprise","Canada","Montana","None","2665.5","5","125","333187","333187.50","13327.50","1-Jul-14",
"Enterprise","Canada","Montana","None","345.0","5","125","43125","43125.00","1725.00","1-Oct-13",
"Midmarket","United States of America","Montana","None","615.0","5","15","9225","9225.00","3075.00","1-Dec-14",
"Enterprise","France","Velo","None","1804.0","120","125","225500","225500.00","9020.00","1-Feb-14",
"Channel Partners","Germany","Velo","None","2161.0","120","12","25932","25932.00","19449.00","1-Mar-14",
"Channel Partners","Germany","Velo","None","1545.0","120","12","18540","18540.00","13905.00","1-Jun-14",
"Enterprise","United States of America","Velo","None","2821.0","120","125","352625","352625.00","14105.00","1-Aug-14",
"Enterprise","Canada","Velo","None","345.0","120","125","43125","43125.00","1725.00","1-Oct-13",
"Channel Partners","Germany","VTT","None","2838.0","250","12","34056","34056.00","25542.00","1-Apr-14",
"Midmarket","France","VTT","None","2178.0","250","15","32670","32670.00","10890.00","1-Jun-14",
"Midmarket","Germany","VTT","None","888.0","250","15","13320","13320.00","4440.00","1-Jun-14",
"Channel Partners","United States of America","Amarilla","None","1953.0","260","12","23436","23436.00","17577.00","1-Apr-14",
"Enterprise","Germany","Amarilla","None","4219.5","260","125","527437","527437.50","21097.50","1-Apr-14",
"Channel Partners","United States of America","Amarilla","None","2141.0","260","12","25692","25692.00","19269.00","1-Aug-14",
"Midmarket","United States of America","Amarilla","None","615.0","260","15","9225","9225.00","3075.00","1-Dec-14",
"Channel Partners","United States of America","Carretera","Low","1858.0","3","12","22296","22073.04","16499.04","1-Feb-14",
"Channel Partners","Canada","Carretera","Low","1445.0","3","12","17340","17166.60","12831.60","1-Sep-14",
"Enterprise","United States of America","Carretera","Low","330.0","3","125","41250","40837.50","1237.50","1-Sep-13",
"Channel Partners","France","Carretera","Low","2671.0","3","12","32052","31731.48","23718.48","1-Sep-14",
"Channel Partners","Germany","Carretera","Low","766.0","3","12","9192","9100.08","6802.08","1-Oct-13",
"Midmarket","Mexico","Montana","Low","2214.0","5","15","33210","32877.90","10737.90","1-Mar-14",
"Enterprise","United States of America","Montana","Low","663.0","5","125","82875","82046.25","2486.25","1-Oct-13",
"Enterprise","Canada","Velo","Low","923.0","120","125","115375","114221.25","3461.25","1-Aug-14",
"Enterprise","United States of America","Velo","Low","663.0","120","125","82875","82046.25","2486.25","1-Oct-13",
"Enterprise","United States of America","VTT","Low","727.0","250","125","90875","89966.25","2726.25","1-Jun-14",
"Enterprise","France","VTT","Low","787.0","250","125","98375","97391.25","2951.25","1-Jun-14",
"Enterprise","France","VTT","Low","1744.0","250","125","218000","215820.00","6540.00","1-Nov-14",
"Channel Partners","United States of America","Amarilla","Low","1989.0","260","12","23868","23629.32","17662.32","1-Sep-13",
"Midmarket","France","Amarilla","Low","321.0","260","15","4815","4766.85","1556.85","1-Nov-13",
"Enterprise","Canada","Carretera","Low","742.5","3","125","92812","90956.25","1856.25","1-Apr-14",
"Channel Partners","Canada","Carretera","Low","1295.0","3","12","15540","15229.20","11344.20","1-Oct-14",
"Channel Partners","United States of America","Montana","Low","1142.0","5","12","13704","13429.92","10003.92","1-Jun-14",
"Channel Partners","Mexico","Montana","Low","690.0","5","12","8280","8114.40","6044.40","1-Nov-14",
"Enterprise","Mexico","Montana","Low","1660.0","5","125","207500","203350.00","4150.00","1-Nov-13",
"Enterprise","Germany","Velo","Low","809.0","120","125","101125","99102.50","2022.50","1-Oct-13",
"Enterprise","Mexico","Velo","Low","2145.0","120","125","268125","262762.50","5362.50","1-Oct-13",
"Channel Partners","France","Velo","Low","1055.0","120","12","12660","12406.80","9241.80","1-Dec-14",
"Channel Partners","Mexico","Velo","Low","1084.0","120","12","13008","12747.84","9495.84","1-Dec-14",
"Enterprise","Mexico","VTT","Low","662.0","250","125","82750","81095.00","1655.00","1-Jun-14",
"Enterprise","Canada","VTT","Low","2729.0","250","125","341125","334302.50","6822.50","1-Dec-14",
"Enterprise","Germany","Amarilla","Low","2276.0","260","125","284500","278810.00","5690.00","1-May-14",
"Enterprise","France","Carretera","Low","4243.5","3","125","530437","514524.38","5304.38","1-Apr-14",
"Channel Partners","United States of America","Carretera","Low","1947.0","3","12","23364","22663.08","16822.08","1-Sep-14",
"Channel Partners","Canada","Carretera","Low","908.0","3","12","10896","10569.12","7845.12","1-Dec-13",
"Channel Partners","France","Montana","Low","1901.0","5","12","22812","22127.64","16424.64","1-Jun-14",
"Enterprise","France","Montana","Low","1287.0","5","125","160875","156048.75","1608.75","1-Dec-14",
"Enterprise","Germany","Montana","Low","1706.0","5","125","213250","206852.50","2132.50","1-Dec-14",
"Enterprise","Canada","Velo","Low","2009.0","120","125","251125","243591.25","2511.25","1-Oct-14",
"Channel Partners","Mexico","VTT","Low","1916.0","250","12","22992","22302.24","16554.24","1-Apr-14",
"Enterprise","Germany","VTT","Low","1570.0","250","125","196250","190362.50","1962.50","1-Jun-14",
"Midmarket","Germany","VTT","Low","1945.0","250","15","29175","28299.75","8849.75","1-Oct-13",
"Channel Partners","Germany","VTT","Low","2479.0","250","12","29748","28855.56","21418.56","1-Jan-14",
"Midmarket","Mexico","Montana","Low","2031.0","5","15","30465","29246.40","8936.40","1-Oct-14",
"Midmarket","Canada","Montana","Low","1967.0","5","15","29505","28324.80","8654.80","1-Mar-14",
"Enterprise","Mexico","Montana","Low","1138.0","5","125","142250","136560.00","0.00","1-Dec-14",
"Channel Partners","United States of America","Velo","Low","1465.0","120","12","17580","16876.80","12481.80","1-Mar-14",
"Channel Partners","France","VTT","Low","866.0","250","12","10392","9976.32","7378.32","1-May-14",
"Midmarket","Mexico","VTT","Low","1514.0","250","15","22710","21801.60","6661.60","1-Oct-13",
"Enterprise","Mexico","Amarilla","Low","1074.0","260","125","134250","128880.00","0.00","1-Apr-14",
"Midmarket","United States of America","Amarilla","Low","671.0","260","15","10065","9662.40","2952.40","1-Oct-13",
"Channel Partners","Canada","Velo","Medium","2431.0","120","12","29172","27713.40","20420.40","1-Dec-14",
"Channel Partners","Mexico","Amarilla","Medium","1123.0","260","12","13476","12802.20","9433.20","1-Aug-14",
"Channel Partners","France","Carretera","Medium","1865.0","3","12","22380","21261.00","15666.00","1-Feb-14",
"Channel Partners","Germany","Carretera","Medium","1116.0","3","12","13392","12722.40","9374.40","1-Feb-14",
"Midmarket","Mexico","Carretera","Medium","2791.0","3","15","41865","39771.75","11861.75","1-Nov-14",
"Enterprise","United States of America","Montana","Medium","3627.0","5","125","453375","430706.25","-4533.75","1-Jul-14",
"Channel Partners","Germany","Montana","Medium","2342.0","5","12","28104","26698.80","19672.80","1-Nov-14",
"Midmarket","United States of America","Velo","Medium","555.0","120","15","8325","7908.75","2358.75","1-Jan-14",
"Midmarket","Mexico","Velo","Medium","2861.0","120","15","42915","40769.25","12159.25","1-Jan-14",
"Enterprise","Germany","Velo","Medium","807.0","120","125","100875","95831.25","-1008.75","1-Feb-14",
"Enterprise","United States of America","Velo","Medium","861.0","120","125","107625","102243.75","-1076.25","1-Oct-14",
"Enterprise","France","Velo","Medium","704.0","120","125","88000","83600.00","-880.00","1-Oct-13",
"Midmarket","Canada","Carretera","Medium","2844.0","3","15","42660","40100.40","11660.40","1-Jun-14",
"Channel Partners","Mexico","Carretera","Medium","562.0","3","12","6744","6339.36","4653.36","1-Sep-14",
"Channel Partners","Canada","Carretera","Medium","2299.0","3","12","27588","25932.72","19035.72","1-Oct-13",
"Midmarket","United States of America","Carretera","Medium","2030.0","3","15","30450","28623.00","8323.00","1-Nov-14",
"Enterprise","Germany","Carretera","Medium","887.0","3","125","110875","104222.50","-2217.50","1-Dec-13",
"Channel Partners","United States of America","Montana","Medium","2723.0","5","12","32676","30715.44","22546.44","1-Nov-14",
"Enterprise","Canada","Velo","Medium","952.0","120","125","119000","111860.00","-2380.00","1-Feb-14",
"Enterprise","United States of America","Velo","Medium","2755.0","120","125","344375","323712.50","-6887.50","1-Feb-14",
"Midmarket","Germany","Velo","Medium","1530.0","120","15","22950","21573.00","6273.00","1-May-14",
"Midmarket","Canada","VTT","Medium","2844.0","250","15","42660","40100.40","11660.40","1-Jun-14",
"Enterprise","France","Amarilla","Medium","1987.5","260","125","248437","233531.25","-4968.75","1-Jan-14",
"Midmarket","United States of America","VTT","Medium","1153.0","250","15","17295","16257.30","4727.30","1-Oct-14",
"Channel Partners","Mexico","Carretera","Medium","727.0","3","12","8724","8113.32","5932.32","1-Feb-14",
"Channel Partners","Canada","Carretera","Medium","1884.0","3","12","22608","21025.44","15373.44","1-Aug-14",
"Channel Partners","Mexico","Montana","Medium","2340.0","5","12","28080","26114.40","19094.40","1-Jan-14",
"Channel Partners","France","Montana","Medium","2342.0","5","12","28104","26136.72","19110.72","1-Nov-14",
"Midmarket","Canada","Velo","Medium","1262.0","120","15","18930","17604.90","4984.90","1-May-14",
"Channel Partners","France","VTT","Medium","1738.5","250","12","20862","19401.66","14186.16","1-Apr-14",
"Channel Partners","Germany","VTT","Medium","2215.0","250","12","26580","24719.40","18074.40","1-Sep-13",
"Enterprise","Germany","Montana","Medium","2500.0","5","125","312500","290625.00","-9375.00","1-Nov-13",
"Enterprise","Germany","Velo","Medium","2087.0","120","125","260875","242613.75","-7826.25","1-Sep-14",
"Channel Partners","Canada","VTT","Medium","3244.5","250","12","38934","36208.62","26475.12","1-Jan-14",
"Enterprise","Canada","Amarilla","Medium","1645.0","260","125","205625","191231.25","-6168.75","1-May-14",
"Enterprise","Germany","Amarilla","Medium","994.0","260","125","124250","115552.50","-3727.50","1-Sep-13",
"Enterprise","Mexico","Carretera","Medium","1540.0","3","125","192500","177100.00","-7700.00","1-Aug-14",
"Midmarket","France","Carretera","Medium","490.0","3","15","7350","6762.00","1862.00","1-Nov-14",
"Midmarket","France","Montana","Medium","2501.0","5","15","37515","34513.80","9503.80","1-Mar-14",
"Midmarket","Germany","Montana","Medium","711.0","5","15","10665","9811.80","2701.80","1-Dec-14",
"Channel Partners","Canada","Velo","Medium","598.0","120","12","7176","6601.92","4807.92","1-Mar-14",
"Midmarket","Germany","Amarilla","Medium","711.0","260","15","10665","9811.80","2701.80","1-Dec-14",
"Channel Partners","Mexico","Amarilla","Medium","1375.0","260","12","16500","15180.00","11055.00","1-Dec-13",
"Channel Partners","Mexico","Carretera","Medium","367.0","3","12","4404","4007.64","2906.64","1-Oct-13",
"Channel Partners","Canada","Montana","Medium","2321.0","5","12","27852","25345.32","18382.32","1-Nov-14",
"Enterprise","France","Montana","Medium","1857.0","5","125","232125","211233.75","-11606.25","1-Nov-13",
"Enterprise","United States of America","Montana","Medium","2797.0","5","125","349625","318158.75","-17481.25","1-Dec-14",
"Midmarket","Mexico","Velo","Medium","245.0","120","15","3675","3344.25","894.25","1-May-14",
"Enterprise","Canada","Velo","Medium","567.0","120","125","70875","64496.25","-3543.75","1-Sep-14",
"Enterprise","Mexico","Velo","Medium","2110.0","120","125","263750","240012.50","-13187.50","1-Sep-14",
"Channel Partners","United States of America","VTT","Medium","1956.0","250","12","23472","21359.52","15491.52","1-Jan-14",
"Channel Partners","Germany","VTT","Medium","880.0","250","12","10560","9609.60","6969.60","1-May-14",
"Channel Partners","France","VTT","Medium","2234.0","250","12","26808","24395.28","17693.28","1-Sep-13",
"Midmarket","France","VTT","Medium","1227.0","250","15","18405","16748.55","4478.55","1-Oct-14",
"Enterprise","Mexico","VTT","Medium","877.0","250","125","109625","99758.75","-5481.25","1-Nov-14",
"Midmarket","Germany","Amarilla","Medium","970.0","260","15","14550","13240.50","3540.50","1-Nov-13",
"Channel Partners","Germany","Carretera","Medium","1580.0","3","12","18960","17253.60","12513.60","1-Sep-14",
"Channel Partners","France","Velo","Medium","1967.0","120","12","23604","21479.64","15578.64","1-Mar-14",
"Midmarket","Mexico","Velo","Medium","2628.0","120","15","39420","35872.20","9592.20","1-Apr-14",
"Midmarket","Canada","Amarilla","Medium","1630.5","260","15","24457","22256.32","5951.32","1-Jul-14",
"Channel Partners","France","Amarilla","Medium","306.0","260","12","3672","3341.52","2423.52","1-Dec-13",
"Channel Partners","United States of America","Carretera","High","386.0","3","12","4632","4168.80","3010.80","1-Oct-13",
"Enterprise","United States of America","Carretera","High","3445.5","3","125","430687","387618.75","-25841.25","1-Apr-14",
"Enterprise","France","Carretera","High","1482.0","3","125","185250","166725.00","-11115.00","1-Dec-13",
"Enterprise","United States of America","Montana","High","1804.0","5","125","225500","202950.00","-13530.00","1-Nov-13",
"Midmarket","France","Montana","High","2072.0","5","15","31080","27972.00","7252.00","1-Dec-14",
"Midmarket","Germany","Velo","High","681.0","120","15","10215","9193.50","2383.50","1-Jan-14",
"Midmarket","Germany","Velo","High","510.0","120","15","7650","6885.00","1785.00","1-Apr-14",
"Midmarket","United States of America","Velo","High","790.0","120","15","11850","10665.00","2765.00","1-May-14",
"Enterprise","United States of America","Velo","High","1596.0","120","125","199500","179550.00","-11970.00","1-Sep-14",
"Enterprise","Canada","Velo","High","1916.0","120","125","239500","215550.00","-14370.00","1-Dec-13",
"Enterprise","Mexico","VTT","High","341.0","250","125","42625","38362.50","-2557.50","1-May-14",
"Midmarket","Mexico","VTT","High","641.0","250","15","9615","8653.50","2243.50","1-Jul-14",
"Midmarket","France","VTT","High","2167.0","250","15","32505","29254.50","7584.50","1-Oct-13",
"Enterprise","Canada","VTT","High","2529.0","250","125","316125","284512.50","-18967.50","1-Nov-14",
"Enterprise","United States of America","Amarilla","High","579.0","260","125","72375","65137.50","-4342.50","1-Jan-14",
"Channel Partners","Canada","Amarilla","High","3520.5","260","12","42246","38021.40","27459.90","1-Apr-14",
"Channel Partners","Germany","Amarilla","High","2574.0","260","12","30888","27799.20","20077.20","1-Aug-14",
"Midmarket","France","Amarilla","High","2072.0","260","15","31080","27972.00","7252.00","1-Dec-14",
"Channel Partners","France","Carretera","High","1198.0","3","12","14376","12794.64","9200.64","1-Oct-13",
"Midmarket","Canada","Velo","High","384.0","120","15","5760","5126.40","1286.40","1-Jan-14",
"Channel Partners","Germany","Velo","High","472.0","120","12","5664","5040.96","3624.96","1-Oct-14",
"Channel Partners","Mexico","VTT","High","1005.0","250","12","12060","10733.40","7718.40","1-Sep-13",
"Midmarket","United States of America","Amarilla","High","3199.5","260","15","47992","42713.32","10718.32","1-Jul-14",
"Channel Partners","Germany","Amarilla","High","472.0","260","12","5664","5040.96","3624.96","1-Oct-14",
"Channel Partners","Canada","Carretera","High","1937.0","3","12","23244","20687.16","14876.16","1-Feb-14",
"Enterprise","France","Carretera","High","2441.0","3","125","305125","271561.25","-21358.75","1-Oct-14",
"Midmarket","Canada","Carretera","High","1560.0","3","15","23400","20826.00","5226.00","1-Nov-13",
"Midmarket","Mexico","Montana","High","2157.0","5","15","32355","28795.95","7225.95","1-Dec-14",
"Midmarket","Mexico","Velo","High","655.0","120","15","9825","8744.25","2194.25","1-Sep-13",
"Channel Partners","France","VTT","High","1734.0","250","12","20808","18519.12","13317.12","1-Jan-14",
"Enterprise","Mexico","VTT","High","554.0","250","125","69250","61632.50","-4847.50","1-Jan-14",
"Enterprise","Germany","Amarilla","High","3165.0","260","125","395625","352106.25","-27693.75","1-Jan-14",
"Enterprise","France","Amarilla","High","1433.0","260","125","179125","159421.25","-12538.75","1-May-14",
"Enterprise","Mexico","Amarilla","High","947.0","260","125","118375","105353.75","-8286.25","1-Sep-13",
"Midmarket","Mexico","Amarilla","High","2157.0","260","15","32355","28795.95","7225.95","1-Dec-14",
"Enterprise","Canada","Carretera","High","2416.0","3","125","302000","265760.00","-24160.00","1-Sep-13",
"Enterprise","Mexico","Carretera","High","2156.0","3","125","269500","237160.00","-21560.00","1-Oct-14",
"Midmarket","Canada","Carretera","High","2689.0","3","15","40335","35494.80","8604.80","1-Nov-14",
"Midmarket","United States of America","Montana","High","677.0","5","15","10155","8936.40","2166.40","1-Mar-14",
"Channel Partners","Canada","VTT","High","2109.0","250","12","25308","22271.04","15944.04","1-May-14",
"Midmarket","France","VTT","High","3874.5","250","15","58117","51143.40","12398.40","1-Jul-14",
"Enterprise","United States of America","VTT","High","2387.0","250","125","298375","262570.00","-23870.00","1-Nov-14",
"Midmarket","United States of America","Amarilla","High","2548.0","260","15","38220","33633.60","8153.60","1-Nov-13",
"Channel Partners","Mexico","Montana","High","2661.0","5","12","31932","28100.16","20117.16","1-May-14",
"Channel Partners","Canada","Amarilla","High","2761.0","260","12","33132","29156.16","20873.16","1-Sep-13",
"Midmarket","United States of America","Carretera","High","2567.0","3","15","38505","33499.35","7829.35","1-Jun-14",
"Midmarket","United States of America","VTT","High","2567.0","250","15","38505","33499.35","7829.35","1-Jun-14",
"Channel Partners","Mexico","Montana","High","604.0","5","12","7248","6305.76","4493.76","1-Jun-14",
"Midmarket","France","Velo","High","3997.5","120","15","59962","52167.38","12192.38","1-Jan-14",
"Channel Partners","Mexico","Velo","High","604.0","120","12","7248","6305.76","4493.76","1-Jun-14",
"Midmarket","Germany","Velo","High","660.0","120","15","9900","8613.00","2013.00","1-Sep-13",
"Channel Partners","Mexico","Velo","High","410.0","120","12","4920","4280.40","3050.40","1-Oct-14",
"Channel Partners","Germany","Velo","High","1013.0","120","12","12156","10575.72","7536.72","1-Dec-14",
"Enterprise","Canada","VTT","High","1583.0","250","125","197875","172151.25","-17808.75","1-Jun-14",
"Midmarket","Canada","VTT","High","1565.0","250","15","23475","20423.25","4773.25","1-Oct-14",
"Enterprise","Canada","Amarilla","High","1659.0","260","125","207375","180416.25","-18663.75","1-Jan-14",
"Channel Partners","Mexico","Amarilla","High","410.0","260","12","4920","4280.40","3050.40","1-Oct-14",
"Channel Partners","Germany","Amarilla","High","1770.0","260","12","21240","18478.80","13168.80","1-Dec-13",
"Channel Partners","France","Amarilla","High","1393.0","260","12","16716","14375.76","10196.76","1-Oct-14",
"Channel Partners","United States of America","Amarilla","High","2015.0","260","12","24180","20794.80","14749.80","1-Dec-13",
"Enterprise","France","Carretera","High","1023.0","3","125","127875","109972.50","-12787.50","1-Sep-13",
"Midmarket","Germany","Carretera","High","1513.0","3","15","22695","19517.70","4387.70","1-Nov-14",
"Midmarket","Canada","Carretera","High","2300.0","3","15","34500","29670.00","6670.00","1-Dec-14",
"Enterprise","Mexico","Carretera","High","2821.0","3","125","352625","303257.50","-35262.50","1-Dec-13",
"Midmarket","Canada","Montana","High","2300.0","5","15","34500","29670.00","6670.00","1-Dec-14",
"Enterprise","Mexico","Velo","High","1575.0","120","125","196875","169312.50","-19687.50","1-Feb-14",
"Enterprise","United States of America","Amarilla","High","2844.0","260","125","355500","305730.00","-35550.00","1-May-14",
"Channel Partners","France","Amarilla","High","2475.0","260","12","29700","25542.00","18117.00","1-Aug-14",
"Midmarket","Canada","Amarilla","High","1743.0","260","15","26145","22484.70","5054.70","1-Oct-13",
"Channel Partners","United States of America","Amarilla","High","2914.0","260","12","34968","30072.48","21330.48","1-Oct-14",
"Midmarket","Mexico","Amarilla","High","1870.0","260","15","28050","24123.00","5423.00","1-Nov-13",
"Enterprise","France","Carretera","High","1174.0","3","125","146750","124737.50","-16142.50","1-Aug-14",
"Small Business","Mexico","Montana","None","958.0","5","300","287400","287400.00","47900.00","1-Aug-14","286825.2"
"Small Business","Canada","VTT","None","2001.0","250","300","600300","600300.00","100050.00","1-Feb-14","599099.4"
"Small Business","France","VTT","None","2151.0","250","300","645300","645300.00","107550.00","1-Sep-14","644009.4"
"Small Business","Mexico","Carretera","Low","494.0","3","300","148200","146718.00","23218.00","1-Oct-13","146424.564"
"Small Business","United States of America","Montana","Low","2301.0","5","300","690300","683397.00","108147.00","1-Apr-14","682030.206"
"Small Business","United States of America","Montana","Low","2498.0","5","300","749400","741906.00","117406.00","1-Sep-13","740422.188"
"Small Business","Germany","VTT","Low","986.0","250","300","295800","292842.00","46342.00","1-Sep-14","292256.316"
"Small Business","Mexico","VTT","Low","494.0","250","300","148200","146718.00","23218.00","1-Oct-13","146424.564"
"Small Business","Germany","Carretera","Low","214.0","3","300","64200","62916.00","9416.00","1-Oct-13","62790.168"
"Small Business","Germany","VTT","Low","214.0","250","300","64200","62916.00","9416.00","1-Oct-13","62790.168"
"Small Business","Germany","Amarilla","Low","259.0","260","300","77700","76146.00","11396.00","1-Mar-14","75993.708"
"Small Business","Mexico","Amarilla","Low","1101.0","260","300","330300","323694.00","48444.00","1-Mar-14","323046.612"
"Small Business","Canada","Amarilla","Low","1916.0","260","300","574800","563304.00","84304.00","1-Dec-14","562177.392"
"Small Business","Germany","Carretera","Low","689.0","3","300","206700","200499.00","28249.00","1-Jun-14","200098.002"
"Small Business","United States of America","VTT","Low","2844.0","250","300","853200","827604.00","116604.00","1-Feb-14","825948.792"
"Small Business","Canada","VTT","Low","1874.0","250","300","562200","545334.00","76834.00","1-Aug-14","544243.332"
"Small Business","Germany","Carretera","Low","2021.0","3","300","606300","582048.00","76798.00","1-Oct-14","580883.904"
"Small Business","Germany","Montana","Low","1859.0","5","300","557700","535392.00","70642.00","1-Aug-14","534321.216"
"Small Business","Germany","Montana","Low","2021.0","5","300","606300","582048.00","76798.00","1-Oct-14","580883.904"
"Small Business","United States of America","Carretera","Medium","991.0","3","300","297300","282435.00","34685.00","1-Jun-14","281870.13"
"Small Business","Mexico","Montana","Medium","1100.0","5","300","330000","313500.00","38500.00","1-Dec-13","312873"
"Small Business","Germany","Velo","Medium","1250.0","120","300","375000","356250.00","43750.00","1-Dec-14","355537.5"
"Small Business","Germany","Amarilla","Medium","1250.0","260","300","375000","356250.00","43750.00","1-Dec-14","355537.5"
"Small Business","France","Velo","Medium","1221.0","120","300","366300","344322.00","39072.00","1-Oct-13","343633.356"
"Small Business","France","VTT","Medium","1221.0","250","300","366300","344322.00","39072.00","1-Oct-13","343633.356"
"Small Business","Canada","VTT","Medium","2436.0","250","300","730800","686952.00","77952.00","1-Dec-13","685578.096"
"Small Business","France","Carretera","Medium","448.0","3","300","134400","124992.00","12992.00","1-Jun-14","124742.016"
"Small Business","France","Carretera","Medium","2181.0","3","300","654300","608499.00","63249.00","1-Oct-14","607282.002"
"Small Business","France","Montana","Medium","2181.0","5","300","654300","608499.00","63249.00","1-Oct-14","607282.002"
"Small Business","France","Velo","Medium","1659.0","120","300","497700","462861.00","48111.00","1-Jul-14","461935.278"
"Small Business","United States of America","Velo","Medium","1372.0","120","300","411600","382788.00","39788.00","1-Dec-14","382022.424"
"Small Business","France","VTT","Medium","959.0","250","300","287700","267561.00","27811.00","1-Feb-14","267025.878"
"Small Business","Mexico","VTT","Medium","2747.0","250","300","824100","766413.00","79663.00","1-Feb-14","764880.174"
"Small Business","United States of America","Amarilla","Medium","1372.0","260","300","411600","382788.00","39788.00","1-Dec-14","382022.424"
"Small Business","France","Montana","Medium","1562.0","5","300","468600","431112.00","40612.00","1-Aug-14","430249.776"
"Small Business","Canada","Montana","Medium","1283.0","5","300","384900","354108.00","33358.00","1-Sep-13","353399.784"
"Small Business","France","Velo","Medium","386.0","120","300","115800","106536.00","10036.00","1-Nov-13","106322.928"
"Small Business","Mexico","Velo","Medium","635.0","120","300","190500","175260.00","16510.00","1-Dec-14","174909.48"
"Small Business","Canada","VTT","Medium","2134.0","250","300","640200","588984.00","55484.00","1-Sep-14","587806.032"
"Small Business","United States of America","VTT","Medium","808.0","250","300","242400","223008.00","21008.00","1-Dec-13","222561.984"
"Small Business","Mexico","Amarilla","Medium","2460.0","260","300","738000","678960.00","63960.00","1-Jun-14","677602.08"
"Small Business","Mexico","Amarilla","Medium","635.0","260","300","190500","175260.00","16510.00","1-Dec-14","174909.48"
"Small Business","Canada","Carretera","Medium","1094.0","3","300","328200","298662.00","25162.00","1-Jun-14","298064.676"
"Small Business","Canada","Montana","Medium","3802.5","5","300","1140750","1038082.50","87457.50","1-Apr-14","1036006.335"
"Small Business","France","Montana","Medium","322.0","5","300","96600","87906.00","7406.00","1-Sep-13","87730.188"
"Small Business","Germany","Montana","Medium","334.0","5","300","100200","91182.00","7682.00","1-Dec-13","90999.636"
"Small Business","Canada","Velo","Medium","3793.5","120","300","1138050","1035625.50","87250.50","1-Jul-14","1033554.249"
"Small Business","Germany","VTT","Medium","2659.0","250","300","797700","725907.00","61157.00","1-Feb-14","724455.186"
"Small Business","United States of America","VTT","Medium","1867.0","250","300","560100","509691.00","42941.00","1-Sep-14","508671.618"
"Small Business","United States of America","Velo","High","2294.0","120","300","688200","619380.00","45880.00","1-Oct-13","618141.24"
"Small Business","France","Velo","High","853.0","120","300","255900","230310.00","17060.00","1-Dec-14","229849.38"
"Small Business","Mexico","VTT","High","432.0","250","300","129600","116640.00","8640.00","1-Sep-14","116406.72"
"Small Business","United States of America","VTT","High","2294.0","250","300","688200","619380.00","45880.00","1-Oct-13","618141.24"
"Small Business","United States of America","Amarilla","High","2993.0","260","300","897900","808110.00","59860.00","1-Mar-14","806493.78"
"Small Business","France","Amarilla","High","853.0","260","300","255900","230310.00","17060.00","1-Dec-14","229849.38"
"Small Business","Germany","Carretera","High","2811.0","3","300","843300","750537.00","47787.00","1-Jul-14","749035.926"
"Small Business","France","Montana","High","1773.0","5","300","531900","468072.00","24822.00","1-Apr-14","467135.856"
"Small Business","France","Montana","High","1186.0","5","300","355800","313104.00","16604.00","1-Dec-13","312477.792"
"Small Business","Mexico","Velo","High","2605.0","120","300","781500","679905.00","28655.00","1-Nov-13","678545.19"
"Small Business","Mexico","Carretera","High","801.0","3","300","240300","206658.00","6408.00","1-Jul-14","206244.684"
"Small Business","Canada","Carretera","High","1496.0","3","300","448800","385968.00","11968.00","1-Oct-14","385196.064"
"Small Business","United States of America","Carretera","High","1010.0","3","300","303000","260580.00","8080.00","1-Oct-14","260058.84"
"Small Business","United States of America","Velo","High","2460.0","120","300","738000","634680.00","19680.00","1-Jul-14","633410.64"
"Small Business","Canada","Velo","High","269.0","120","300","80700","69402.00","2152.00","1-Oct-13","69263.196"
"Small Business","Germany","Velo","High","2536.0","120","300","760800","654288.00","20288.00","1-Nov-13","652979.424"
"Small Business","United States of America","VTT","High","2541.0","250","300","762300","655578.00","20328.00","1-Aug-14","654266.844"
"Small Business","Canada","VTT","High","269.0","250","300","80700","69402.00","2152.00","1-Oct-13","69263.196"
"Small Business","Canada","VTT","High","1496.0","250","300","448800","385968.00","11968.00","1-Oct-14","385196.064"
"Small Business","United States of America","VTT","High","1010.0","250","300","303000","260580.00","8080.00","1-Oct-14","260058.84"
"Small Business","Canada","Amarilla","High","888.0","260","300","266400","229104.00","7104.00","1-Mar-14","228645.792"
"Small Business","Mexico","Montana","High","546.0","5","300","163800","139230.00","2730.00","1-Oct-14","138951.54"
"Small Business","United States of America","Velo","High","2574.0","120","300","772200","656370.00","12870.00","1-Nov-13","655057.26"
"Small Business","France","Amarilla","High","2475.0","260","300","742500","631125.00","12375.00","1-Mar-14","629862.75"
"Small Business","Mexico","Amarilla","High","546.0","260","300","163800","139230.00","2730.00","1-Oct-14","138951.54"
"Small Business","Mexico","Paseo","None","788.0","10","300","236400","236400.00","39400.00","1-Sep-13","235927.2"
"Small Business","United States of America","Paseo","Low","2905.0","10","300","871500","862785.00","136535.00","1-Nov-14","861059.43"
"Small Business","France","Paseo","Low","918.0","10","300","275400","269892.00","40392.00","1-May-14","269352.216"
"Small Business","Germany","Paseo","Low","1728.0","10","300","518400","508032.00","76032.00","1-May-14","507015.936"
"Small Business","Canada","Paseo","Low","1916.0","10","300","574800","563304.00","84304.00","1-Dec-14","562177.392"
"Small Business","France","Paseo","Low","2434.5","10","300","730350","708439.50","99814.50","1-Jan-14","707022.621"
"Small Business","Germany","Paseo","Low","689.0","10","300","206700","200499.00","28249.00","1-Jun-14","200098.002"
"Small Business","Germany","Paseo","Low","1414.5","10","300","424350","407376.00","53751.00","1-Apr-14","406561.248"
"Small Business","United States of America","Paseo","Low","2918.0","10","300","875400","840384.00","110884.00","1-May-14","838703.232"
"Small Business","Mexico","Paseo","Medium","1607.0","10","300","482100","457995.00","56245.00","1-Apr-14","457079.01"
"Small Business","United States of America","Paseo","Medium","991.0","10","300","297300","282435.00","34685.00","1-Jun-14","281870.13"
"Small Business","Canada","Paseo","Medium","1702.0","10","300","510600","474858.00","49358.00","1-May-14","473908.284"
"Small Business","France","Paseo","Medium","448.0","10","300","134400","124992.00","12992.00","1-Jun-14","124742.016"
"Small Business","Germany","Paseo","Medium","1123.0","10","300","336900","313317.00","32567.00","1-Sep-13","312690.366"
"Small Business","Canada","Paseo","Medium","1404.0","10","300","421200","391716.00","40716.00","1-Nov-13","390932.568"
"Small Business","Mexico","Paseo","Medium","2460.0","10","300","738000","678960.00","63960.00","1-Jun-14","677602.08"
"Small Business","Mexico","Paseo","Medium","2565.0","10","300","769500","700245.00","58995.00","1-Jan-14","698844.51"
"Small Business","Canada","Paseo","Medium","1094.0","10","300","328200","298662.00","25162.00","1-Jun-14","298064.676"
"Small Business","France","Paseo","Medium","1324.0","10","300","397200","361452.00","30452.00","1-Nov-14","360729.096"
"Small Business","Mexico","Paseo","High","591.0","10","300","177300","159570.00","11820.00","1-May-14","159250.86"
"Small Business","Canada","Paseo","High","873.0","10","300","261900","233091.00","14841.00","1-Jan-14","232624.818"
"Small Business","Canada","Paseo","High","1366.0","10","300","409800","364722.00","23222.00","1-Nov-14","363992.556"
"Small Business","United States of America","Paseo","High","3495.0","10","300","1048500","922680.00","48930.00","1-Jan-14","920834.64"
"Small Business","Germany","Paseo","High","1359.0","10","300","407700","358776.00","19026.00","1-Nov-14","358058.448"
"Small Business","Mexico","Paseo","High","2150.0","10","300","645000","567600.00","30100.00","1-Nov-14","566464.8"
"Small Business","Germany","Paseo","High","807.0","10","300","242100","210627.00","8877.00","1-Jan-14","210205.746"
"Enterprise","Germany","Carretera","High","2767.0","3","125","345875","293993.75","-38046.25","1-Aug-14",
"Enterprise","Germany","Carretera","High","1085.0","3","125","135625","115281.25","-14918.75","1-Oct-14",
"Channel Partners","Mexico","Velo","High","500.0","120","12","6000","5100.00","3600.00","1-Mar-14",
"Midmarket","France","Velo","High","2826.0","120","15","42390","36031.50","7771.50","1-May-14",
"Enterprise","France","Velo","High","663.0","120","125","82875","70443.75","-9116.25","1-Sep-14",
"Enterprise","United States of America","Velo","High","2438.0","120","125","304750","259037.50","-33522.50","1-Dec-13",
"Channel Partners","United States of America","Velo","High","914.0","120","12","10968","9322.80","6580.80","1-Dec-14",
"Midmarket","Germany","VTT","High","492.0","250","15","7380","6273.00","1353.00","1-Jul-14",
"Midmarket","Germany","VTT","High","1175.0","250","15","17625","14981.25","3231.25","1-Oct-14",
"Enterprise","Canada","VTT","High","2954.0","250","125","369250","313862.50","-40617.50","1-Nov-13",
"Enterprise","Germany","VTT","High","552.0","250","125","69000","58650.00","-7590.00","1-Nov-14",
"Channel Partners","United States of America","VTT","High","1806.0","250","12","21672","18421.20","13003.20","1-May-14",
"Midmarket","Mexico","Paseo","None","974.0","10","15","14610","14610.00","4870.00","1-Feb-14",
"Channel Partners","Canada","Paseo","None","2518.0","10","12","30216","30216.00","22662.00","1-Jun-14",
"Channel Partners","Germany","Paseo","None","367.0","10","12","4404","4404.00","3303.00","1-Jul-14",
"Midmarket","France","Paseo","None","549.0","10","15","8235","8235.00","2745.00","1-Sep-13",
"Midmarket","Mexico","Paseo","None","2472.0","10","15","37080","37080.00","12360.00","1-Sep-14",
"Channel Partners","United States of America","Paseo","None","912.0","10","12","10944","10944.00","8208.00","1-Nov-13",
"Midmarket","Canada","Paseo","None","2152.0","10","15","32280","32280.00","10760.00","1-Dec-13",
"Midmarket","France","Paseo","Low","2296.0","10","15","34440","34095.60","11135.60","1-Feb-14",
"Midmarket","United States of America","Paseo","Low","1514.0","10","15","22710","22482.90","7342.90","1-Feb-14",
"Enterprise","United States of America","Paseo","Low","727.0","10","125","90875","89966.25","2726.25","1-Jun-14",
"Enterprise","France","Paseo","Low","787.0","10","125","98375","97391.25","2951.25","1-Jun-14",
"Enterprise","Mexico","Paseo","Low","1823.0","10","125","227875","225596.25","6836.25","1-Jul-14",
"Midmarket","Germany","Paseo","Low","747.0","10","15","11205","11092.95","3622.95","1-Sep-14",
"Channel Partners","Germany","Paseo","Low","766.0","10","12","9192","9100.08","6802.08","1-Oct-13",
"Midmarket","Canada","Paseo","Low","2363.0","10","15","35445","34736.10","11106.10","1-Feb-14",
"Channel Partners","United States of America","Paseo","Low","1142.0","10","12","13704","13429.92","10003.92","1-Jun-14",
"Enterprise","Mexico","Paseo","Low","662.0","10","125","82750","81095.00","1655.00","1-Jun-14",
"Channel Partners","Canada","Paseo","Low","1295.0","10","12","15540","15229.20","11344.20","1-Oct-14",
"Enterprise","Germany","Paseo","Low","809.0","10","125","101125","99102.50","2022.50","1-Oct-13",
"Enterprise","Mexico","Paseo","Low","2145.0","10","125","268125","262762.50","5362.50","1-Oct-13",
"Channel Partners","France","Paseo","Low","1785.0","10","12","21420","20991.60","15636.60","1-Nov-13",
"Enterprise","Canada","Paseo","Low","2729.0","10","125","341125","334302.50","6822.50","1-Dec-14",
"Midmarket","United States of America","Paseo","Low","1925.0","10","15","28875","28297.50","9047.50","1-Dec-13",
"Channel Partners","France","Paseo","Low","1055.0","10","12","12660","12406.80","9241.80","1-Dec-14",
"Channel Partners","Mexico","Paseo","Low","1084.0","10","12","13008","12747.84","9495.84","1-Dec-14",
"Enterprise","Canada","Paseo","Low","1774.0","10","125","221750","215097.50","2217.50","1-Mar-14",
"Channel Partners","France","Paseo","Low","1901.0","10","12","22812","22127.64","16424.64","1-Jun-14",
"Enterprise","Germany","Paseo","Low","1570.0","10","125","196250","190362.50","1962.50","1-Jun-14",
"Channel Partners","United States of America","Paseo","Low","1369.5","10","12","16434","15940.98","11832.48","1-Jul-14",
"Enterprise","Canada","Paseo","Low","2009.0","10","125","251125","243591.25","2511.25","1-Oct-14",
"Midmarket","Germany","Paseo","Low","1945.0","10","15","29175","28299.75","8849.75","1-Oct-13",
"Enterprise","France","Paseo","Low","1287.0","10","125","160875","156048.75","1608.75","1-Dec-14",
"Enterprise","Germany","Paseo","Low","1706.0","10","125","213250","206852.50","2132.50","1-Dec-14",
"Midmarket","Mexico","Paseo","Low","2031.0","10","15","30465","29246.40","8936.40","1-Oct-14",
"Midmarket","France","Paseo","Low","2261.0","10","15","33915","32558.40","9948.40","1-Dec-13",
"Enterprise","Germany","Paseo","Low","795.0","10","125","99375","95400.00","0.00","1-Mar-14",
"Enterprise","France","Paseo","Low","2988.0","10","125","373500","358560.00","0.00","1-Jul-14",
"Midmarket","Canada","Paseo","Low","218.0","10","15","3270","3139.20","959.20","1-Sep-14",
"Midmarket","United States of America","Paseo","Low","671.0","10","15","10065","9662.40","2952.40","1-Oct-13",
"Midmarket","Mexico","Paseo","Low","1514.0","10","15","22710","21801.60","6661.60","1-Oct-13",
"Enterprise","Mexico","Paseo","Low","1138.0","10","125","142250","136560.00","0.00","1-Dec-14",
"Channel Partners","Canada","Paseo","Medium","2431.0","10","12","29172","27713.40","20420.40","1-Dec-14",
"Enterprise","United States of America","Paseo","Medium","2992.0","10","125","374000","355300.00","-3740.00","1-Mar-14",
"Enterprise","France","Paseo","Medium","2385.0","10","125","298125","283218.75","-2981.25","1-Mar-14",
"Midmarket","France","Paseo","Medium","2620.0","10","15","39300","37335.00","11135.00","1-Sep-14",
"Enterprise","United States of America","Paseo","Medium","861.0","10","125","107625","102243.75","-1076.25","1-Oct-14",
"Enterprise","France","Paseo","Medium","704.0","10","125","88000","83600.00","-880.00","1-Oct-13",
"Midmarket","Germany","Paseo","Medium","2116.0","10","15","31740","30153.00","8993.00","1-Dec-13",
"Midmarket","France","Paseo","Medium","3801.0","10","15","57015","53594.10","15584.10","1-Apr-14",
"Channel Partners","Canada","Paseo","Medium","2299.0","10","12","27588","25932.72","19035.72","1-Oct-13",
"Midmarket","United States of America","Paseo","Medium","2198.0","10","15","32970","30991.80","9011.80","1-Aug-14",
"Midmarket","Germany","Paseo","Medium","1743.0","10","15","26145","24576.30","7146.30","1-Aug-14",
"Midmarket","United States of America","Paseo","Medium","1153.0","10","15","17295","16257.30","4727.30","1-Oct-14",
"Enterprise","Germany","Paseo","Medium","3513.0","10","125","439125","408386.25","-13173.75","1-Jul-14",
"Midmarket","France","Paseo","Medium","2101.0","10","15","31515","29308.95","8298.95","1-Aug-14",
"Midmarket","United States of America","Paseo","Medium","2931.0","10","15","43965","40887.45","11577.45","1-Sep-13",
"Channel Partners","Mexico","Paseo","Medium","2763.0","10","12","33156","30835.08","22546.08","1-Nov-13",
"Enterprise","Mexico","Paseo","Medium","1114.0","10","125","139250","128110.00","-5570.00","1-Mar-14",
"Midmarket","United States of America","Paseo","Medium","3675.0","10","15","55125","50163.75","13413.75","1-Apr-14",
"Midmarket","France","Paseo","Medium","1227.0","10","15","18405","16748.55","4478.55","1-Oct-14",
"Channel Partners","Mexico","Paseo","Medium","367.0","10","12","4404","4007.64","2906.64","1-Oct-13",
"Channel Partners","Germany","Paseo","Medium","1775.0","10","12","21300","19383.00","14058.00","1-Nov-13",
"Enterprise","United States of America","Paseo","Medium","2797.0","10","125","349625","318158.75","-17481.25","1-Dec-14",
"Channel Partners","United States of America","Paseo","High","386.0","10","12","4632","4168.80","3010.80","1-Oct-13",
"Midmarket","France","Paseo","High","2167.0","10","15","32505","29254.50","7584.50","1-Oct-13",
"Channel Partners","France","Paseo","High","1198.0","10","12","14376","12794.64","9200.64","1-Oct-13",
"Channel Partners","Canada","Paseo","High","4026.0","10","12","48312","42997.68","30919.68","1-Jul-14",
"Channel Partners","France","Paseo","High","2425.5","10","12","29106","25904.34","18627.84","1-Jul-14",
"Midmarket","Mexico","Paseo","High","1984.0","10","15","29760","26486.40","6646.40","1-Aug-14",
"Enterprise","France","Paseo","High","2441.0","10","125","305125","271561.25","-21358.75","1-Oct-14",
"Enterprise","Mexico","Paseo","High","2156.0","10","125","269500","237160.00","-21560.00","1-Oct-14",
"Midmarket","Mexico","Paseo","High","380.0","10","15","5700","5016.00","1216.00","1-Dec-13",
"Enterprise","Canada","Paseo","High","1583.0","10","125","197875","172151.25","-17808.75","1-Jun-14",
"Channel Partners","Mexico","Paseo","High","571.0","10","12","6852","5961.24","4248.24","1-Jul-14",
"Midmarket","Canada","Paseo","High","1565.0","10","15","23475","20423.25","4773.25","1-Oct-14",
"Channel Partners","Germany","Paseo","High","1013.0","10","12","12156","10575.72","7536.72","1-Dec-14",
"Midmarket","Germany","Paseo","High","278.0","10","15","4170","3586.20","806.20","1-Feb-14",
"Midmarket","United States of America","Paseo","High","1767.0","10","15","26505","22794.30","5124.30","1-Sep-14",
"Channel Partners","France","Paseo","High","1393.0","10","12","16716","14375.76","10196.76","1-Oct-14",
"Midmarket","Canada","Paseo","High","2470.0","10","15","37050","31863.00","7163.00","1-Sep-13",
"Midmarket","Canada","Paseo","High","1743.0","10","15","26145","22484.70","5054.70","1-Oct-13",
"Channel Partners","United States of America","Paseo","High","2914.0","10","12","34968","30072.48","21330.48","1-Oct-14",
"Channel Partners","Canada","Paseo","High","2222.0","10","12","26664","22931.04","16265.04","1-Nov-13",
"Midmarket","Canada","Paseo","High","1614.0","10","15","24210","20578.50","4438.50","1-Apr-14",
"Midmarket","Canada","Paseo","High","2559.0","10","15","38385","32627.25","7037.25","1-Aug-14",
"Enterprise","Germany","Paseo","High","1085.0","10","125","135625","115281.25","-14918.75","1-Oct-14",
"Midmarket","Germany","Paseo","High","1175.0","10","15","17625","14981.25","3231.25","1-Oct-14",
"Channel Partners","United States of America","Paseo","High","914.0","10","12","10968","9322.80","6580.80","1-Dec-14",